Handle,Title,Body (HTML),Vendor,Type,Tags,Published,Option1 Name,Option1 Value,Variant SKU,Variant Grams,Variant Inventory Tracker,Variant Inventory Qty,Variant Inventory Policy,Variant Fulfillment Service,Variant Price,Variant Compare At Price,Variant Requires Shipping,Variant Taxable,Status
golden-ganesha,Golden Ganesha,"<p>An elegant golden Ganesha idol featuring intricate musical artistry and premium metallic detailing. Designed to bring positivity, prosperity, and sophistication to luxury interiors.</p><p><strong>Best For:</strong> Ideal for entrances, workspaces, gifting, and spiritual corners.</p><p><strong>Styling Tip:</strong> Pairs beautifully with marble consoles, warm lighting, and minimalist interiors.</p>",The Crafted Aura,Sculpture,"sculpture, ganesha, spiritual, gold, gifting, home decor, luxury",TRUE,Title,Default,TCA-001,500,shopify,10,deny,manual,999.00,1299.00,TRUE,TRUE,active
geometric-cat-duo,Geometric Cat Duo,"<p>A contemporary geometric cat figurine set with a luxurious gold-tone finish that blends modern art with stylish decor aesthetics.</p><p><strong>Best For:</strong> Perfect for bookshelves, coffee tables, and office desks.</p><p><strong>Styling Tip:</strong> Best styled in monochrome or Scandinavian-themed interiors.</p>",The Crafted Aura,Sculpture,"sculpture, cat, geometric, gold, modern art, home decor, luxury",TRUE,Title,Default,TCA-002,400,shopify,10,deny,manual,1199.00,1499.00,TRUE,TRUE,active
black-deer-sculptures,Black Deer Sculptures,"<p>Sophisticated matte black deer sculptures crafted to create a bold statement in modern living spaces.</p><p><strong>Best For:</strong> Suitable for TV units, entryways, and luxury side tables.</p><p><strong>Styling Tip:</strong> Complements neutral interiors and wooden textures.</p>",The Crafted Aura,Sculpture,"sculpture, deer, black, matte, modern, home decor, luxury",TRUE,Title,Default,TCA-003,600,shopify,10,deny,manual,1499.00,1799.00,TRUE,TRUE,active
royal-horse-family,Royal Horse Family,"<p>A premium horse figurine collection symbolizing strength, ambition, and prosperity with refined handcrafted detailing.</p><p><strong>Best For:</strong> Ideal as a centerpiece for luxury homes and executive offices.</p><p><strong>Styling Tip:</strong> Enhances royal and contemporary decor themes.</p>",The Crafted Aura,Sculpture,"sculpture, horse, royal, premium, gifting, home decor, luxury, office",TRUE,Title,Default,TCA-004,700,shopify,10,deny,manual,1799.00,2199.00,TRUE,TRUE,active
blue-owl-accent,Blue Owl Accent,"<p>Artistic owl sculpture featuring textured craftsmanship and vibrant blue aesthetics for modern interiors.</p><p><strong>Best For:</strong> Great for study tables, reading corners, and shelves.</p><p><strong>Styling Tip:</strong> Adds a creative touch to elegant urban spaces.</p>",The Crafted Aura,Sculpture,"sculpture, owl, blue, artistic, modern, home decor, luxury",TRUE,Title,Default,TCA-005,350,shopify,10,deny,manual,799.00,999.00,TRUE,TRUE,active
decorative-elephant-pair,Decorative Elephant Pair,"<p>Traditional elephant decor set designed with detailed carvings that symbolize wisdom, luck, and positivity.</p><p><strong>Best For:</strong> Perfect for entrances, living rooms, and festive gifting.</p><p><strong>Styling Tip:</strong> Looks stunning with ethnic and luxury decor settings.</p>",The Crafted Aura,Sculpture,"sculpture, elephant, traditional, gifting, festive, home decor, luxury",TRUE,Title,Default,TCA-006,800,shopify,10,deny,manual,1299.00,1599.00,TRUE,TRUE,active
hanging-elephant-set,Hanging Elephant Set,"<p>Creative hanging elephant sculpture designed for unique wall and shelf styling with artistic charm.</p><p><strong>Best For:</strong> Suitable for corner decor, wall accents, and artistic displays.</p><p><strong>Styling Tip:</strong> Enhances bohemian and modern decor aesthetics.</p>",The Crafted Aura,Sculpture,"sculpture, elephant, hanging, wall decor, bohemian, home decor, luxury",TRUE,Title,Default,TCA-007,450,shopify,10,deny,manual,899.00,1099.00,TRUE,TRUE,active
abstract-face-art,Abstract Face Art,"<p>Modern abstract face sculpture with textured artistic finishing crafted for luxury contemporary interiors.</p><p><strong>Best For:</strong> Excellent for designer shelves and statement decor corners.</p><p><strong>Styling Tip:</strong> Perfect for minimalist and artistic spaces.</p>",The Crafted Aura,Sculpture,"sculpture, abstract, face, contemporary, minimalist, home decor, luxury",TRUE,Title,Default,TCA-008,500,shopify,10,deny,manual,1399.00,1699.00,TRUE,TRUE,active
vintage-owl-tree,Vintage Owl Tree,"<p>Rustic owl family sculpture inspired by nature and vintage artistry with handcrafted detailing.</p><p><strong>Best For:</strong> Best for antique-themed and nature-inspired interiors.</p><p><strong>Styling Tip:</strong> Pairs beautifully with earthy tones and wooden decor.</p>",The Crafted Aura,Sculpture,"sculpture, owl, vintage, rustic, nature, home decor, antique",TRUE,Title,Default,TCA-009,550,shopify,10,deny,manual,1099.00,1399.00,TRUE,TRUE,active
